,level_0,call_stack,exclusive_runtimes
0,0,61a3b0,4777004
1,1,de3a76,4526452
2,2,8ceacb,4480715
3,3,3f7b17,4445848
4,4,db8018,4316326
5,5,5be719,4301919
6,6,233a55,4233023
7,7,0140e0,3960066
8,8,03d855,830353
9,9,2e7437,383279
